id,title,score,num_comments,author,created_utc,url,over_18,edited,spoiler,stickied
1h5shzy,2025 Data Engineering Top Skills that you will prepare for,86,37,HarnessingThePower,2024-12-03 17:14:42,https://www.reddit.com/r/dataengineering/comments/1h5shzy/2025_data_engineering_top_skills_that_you_will/,False,False,False,False
1h5e7p9,Is it okay to have days where you dont have anything to do?,80,33,Spirited-Ad-9162,2024-12-03 03:33:12,https://www.reddit.com/r/dataengineering/comments/1h5e7p9/is_it_okay_to_have_days_where_you_dont_have/,False,False,False,False
1h5y3qc,What's happening with DE job market in the US?,43,39,AsleepLeather5589,2024-12-03 21:03:18,https://www.reddit.com/r/dataengineering/comments/1h5y3qc/whats_happening_with_de_job_market_in_the_us/,False,False,False,False
1h5ju1i,Is there a website like tryhackme.com for data engineering?,36,5,OddFirefighter3,2024-12-03 09:42:16,https://www.reddit.com/r/dataengineering/comments/1h5ju1i/is_there_a_website_like_tryhackmecom_for_data/,False,False,False,False
1h5prn8,most efficient way to pull 3.5 million json files from AWS bucket and serialize to parquet file,35,45,johnonymousdenim,2024-12-03 15:18:39,https://www.reddit.com/r/dataengineering/comments/1h5prn8/most_efficient_way_to_pull_35_million_json_files/,False,False,False,False
1h5nr7b,Azure Data Engineering - sharing tips,12,19,Astherol,2024-12-03 13:47:20,https://www.reddit.com/r/dataengineering/comments/1h5nr7b/azure_data_engineering_sharing_tips/,False,False,False,False
1h5pafm,Leetcode similar for data engineering,8,4,ExplorerDNA,2024-12-03 14:58:45,https://www.reddit.com/r/dataengineering/comments/1h5pafm/leetcode_similar_for_data_engineering/,False,False,False,False
1h5mrbq,A good DevOps/CloudOps course/workshop for busy DEs?,8,3,wtfzambo,2024-12-03 12:55:32,https://www.reddit.com/r/dataengineering/comments/1h5mrbq/a_good_devopscloudops_courseworkshop_for_busy_des/,False,False,False,False
1h5v6j7,Setting up Azure Database with ETL for a small healthcare company,5,4,Sufficient_Bug_2716,2024-12-03 19:05:10,https://www.reddit.com/r/dataengineering/comments/1h5v6j7/setting_up_azure_database_with_etl_for_a_small/,False,False,False,False
1h5uldl,What datafeeds actually need to be real-time? ,7,16,SorbetIndependent898,2024-12-03 18:41:02,https://www.reddit.com/r/dataengineering/comments/1h5uldl/what_datafeeds_actually_need_to_be_realtime/,False,False,False,False
1h5q5he,Question about streaming processing,4,1,highlifeed,2024-12-03 15:34:58,https://www.reddit.com/r/dataengineering/comments/1h5q5he/question_about_streaming_processing/,False,False,False,False
1h5hb0n,Fraud detection data pipeline (ETL) on GCP,4,0,rasvi786,2024-12-03 06:34:36,https://www.reddit.com/r/dataengineering/comments/1h5hb0n/fraud_detection_data_pipeline_etl_on_gcp/,False,False,False,False
1h5ews9,Internal Web App Databases - How to do local testing,4,0,Culpgrant21,2024-12-03 04:10:46,https://www.reddit.com/r/dataengineering/comments/1h5ews9/internal_web_app_databases_how_to_do_local_testing/,False,False,False,False
1h63ftr,Tool options which will replicate an on-prem sql server table to Snowflake?,3,4,GreyHairedDWGuy,2024-12-04 00:52:50,https://www.reddit.com/r/dataengineering/comments/1h63ftr/tool_options_which_will_replicate_an_onprem_sql/,False,False,False,False
1h631ln,Flink SQL deployments,3,0,sugendran,2024-12-04 00:34:22,https://www.reddit.com/r/dataengineering/comments/1h631ln/flink_sql_deployments/,False,False,False,False
1h5s3uu,Row and column level data lineage in medallion architecture,3,5,merrpip77,2024-12-03 16:58:29,https://www.reddit.com/r/dataengineering/comments/1h5s3uu/row_and_column_level_data_lineage_in_medallion/,False,False,False,False
1h5q3tg,Exploring Vector Search in Analytical Data: Insights and Experiences?,3,0,Technical-Pack-5613,2024-12-03 15:33:00,https://www.reddit.com/r/dataengineering/comments/1h5q3tg/exploring_vector_search_in_analytical_data/,False,False,False,False
1h5lyro,Databricks Lakehouse vs Traditional Data Warehouse for Multi-Region Gaming Analytics – What’s the best approach?,3,0,Secret_Walk6385,2024-12-03 12:09:10,https://i.redd.it/uklhc38xjm4e1.png,False,False,False,False
1h64wpz,AWS Lambda Thoughts,2,2,Series_G,2024-12-04 02:03:17,https://www.reddit.com/r/dataengineering/comments/1h64wpz/aws_lambda_thoughts/,False,False,False,False
1h5tjf0,Best way to find Difference between 2 CSV files,2,4,burningpenofasia,2024-12-03 17:57:46,https://www.reddit.com/r/dataengineering/comments/1h5tjf0/best_way_to_find_difference_between_2_csv_files/,False,False,False,False
1h5qd36,Calendar Dimension ,2,6,Dry-Response-1862,2024-12-03 15:44:04,https://www.reddit.com/r/dataengineering/comments/1h5qd36/calendar_dimension/,False,False,False,False
1h5m1zs,AWS or GCP DE certification in India? ,1,4,Impossible-Alarm-738,2024-12-03 12:14:44,https://www.reddit.com/r/dataengineering/comments/1h5m1zs/aws_or_gcp_de_certification_in_india/,False,False,False,False
1h5l9rj,Is it possible to manually drop groups when using Spark Structured Streaming?,2,0,External-Drag-3815,2024-12-03 11:25:08,https://www.reddit.com/r/dataengineering/comments/1h5l9rj/is_it_possible_to_manually_drop_groups_when_using/,False,False,False,False
1h5tizo,Cloud vs physical servers for data solution services?,1,11,Murky-Principle6255,2024-12-03 17:57:20,https://www.reddit.com/r/dataengineering/comments/1h5tizo/cloud_vs_physical_servers_for_data_solution/,False,False,False,False
1h5rldf,Data science at hackathons supporting integration and open data for digital resilience,1,0,rhazn,2024-12-03 16:36:47,https://www.heltweg.org/posts/meta-data-2-oleg-lavrovsky-hacking-integration/,False,False,False,False
1h5pd9k,DBT - Client Request.,1,3,tcfcfc,2024-12-03 15:01:35,https://www.reddit.com/r/dataengineering/comments/1h5pd9k/dbt_client_request/,False,False,False,False
1h5yacr,Breaking into data engineering ,0,11,Hungry-Pause6533,2024-12-03 21:10:57,https://www.reddit.com/r/dataengineering/comments/1h5yacr/breaking_into_data_engineering/,False,False,False,False
